ADC,Temperatura
0,15000
1,15000
2,15000
3,15000
4,15000
5,15000
6,15000
7,15000
8,15000
9,15000
10,15000
11,15000
12,15000
13,15000
14,15000
15,15000
16,15000
17,15000
18,15000
19,15000
20,15000
21,15000
22,15000
23,15000
24,15000
25,15000
26,15000
27,15000
28,15000
29,15000
30,15000
31,15000
32,15000
33,15000
34,15000
35,15000
36,15000
37,15000
38,15000
39,15000
40,15000
41,15000
42,15000
43,15000
44,15000
45,15000
46,15000
47,15000
48,15000
49,15000
50,15000
51,15000
52,15000
53,15000
54,15000
55,15000
56,15000
57,15000
58,15000
59,15000
60,15000
61,15000
62,15000
63,15000
64,15000
65,15000
66,15000
67,15000
68,15000
69,15000
70,15000
71,15000
72,15000
73,15000
74,15000
75,15000
76,15000
77,15000
78,15000
79,15000
80,15000
81,15000
82,15000
83,15000
84,15000
85,15000
86,15000
87,15000
88,15000
89,15000
90,15000
91,15000
92,15000
93,15000
94,15000
95,15000
96,15000
97,15000
98,15000
99,15000
100,15000
101,15000
102,15000
103,15000
104,15000
105,15000
106,15000
107,15000
108,15000
109,15000
110,15000
111,15000
112,15000
113,15000
114,15000
115,15000
116,15000
117,15000
118,15000
119,15000
120,15000
121,15000
122,15000
123,15000
124,15000
125,15000
126,15000
127,15000
128,15000
129,15000
130,15000
131,15000
132,15000
133,15000
134,15000
135,15000
136,15000
137,15000
138,15000
139,15000
140,15000
141,15000
142,15000
143,15000
144,15000
145,15000
146,15000
147,15000
148,15000
149,15000
150,15000
151,15000
152,15000
153,15000
154,15000
155,15000
156,15000
157,15000
158,15000
159,15000
160,15000
161,15000
162,15000
163,15000
164,15000
165,15000
166,15000
167,15000
168,15000
169,15000
170,15000
171,15000
172,15000
173,15000
174,15000
175,15000
176,15000
177,15000
178,15000
179,15000
180,15000
181,15000
182,15000
183,15000
184,15000
185,15000
186,15000
187,15000
188,15000
189,15000
190,15000
191,15000
192,15000
193,15000
194,15000
195,15000
196,15000
197,15000
198,15000
199,15000
200,15000
201,15000
202,15000
203,15000
204,15000
205,15000
206,15000
207,15000
208,15000
209,15000
210,15000
211,15000
212,15000
213,15000
214,15000
215,15000
216,15000
217,15000
218,15000
219,15000
220,15000
221,15000
222,15000
223,15000
224,15000
225,15000
226,15000
227,15000
228,15000
229,15000
230,15000
231,15000
232,15000
233,15000
234,15000
235,15000
236,15000
237,15000
238,15000
239,15000
240,15000
241,15000
242,15000
243,15000
244,15000
245,15000
246,15000
247,15000
248,15000
249,15000
250,15000
251,15000
252,15000
253,15000
254,15000
255,15000
256,15000
257,15000
258,15000
259,15000
260,15000
261,15000
262,15000
263,15000
264,15000
265,15000
266,15000
267,15000
268,15000
269,15000
270,15000
271,15000
272,15000
273,15000
274,15000
275,15000
276,15000
277,15000
278,15000
279,15000
280,15000
281,15000
282,15000
283,15000
284,15000
285,15000
286,15000
287,15000
288,15000
289,15000
290,15000
291,15000
292,15000
293,15000
294,15000
295,15000
296,15000
297,15000
298,15000
299,15000
300,15000
301,15000
302,15000
303,15000
304,15000
305,15000
306,15000
307,15000
308,15000
309,15000
310,15000
311,15000
312,15000
313,15000
314,15000
315,15000
316,15000
317,15000
318,15000
319,15000
320,15000
321,15000
322,15000
323,15000
324,15000
325,15000
326,15000
327,15000
328,15000
329,15000
330,15000
331,15000
332,15000
333,15000
334,15000
335,15000
336,15000
337,15000
338,15000
339,15000
340,15000
341,15000
342,15000
343,15000
344,15000
345,15000
346,15000
347,15000
348,15000
349,15000
350,15000
351,15000
352,15000
353,15000
354,15000
355,15000
356,15000
357,15000
358,15000
359,15000
360,15000
361,15000
362,15000
363,15000
364,15000
365,15000
366,15000
367,15000
368,15000
369,15000
370,15000
371,15000
372,15000
373,15000
374,15000
375,15000
376,15000
377,15000
378,15000
379,15000
380,15000
381,15000
382,15000
383,15000
384,15000
385,15000
386,15000
387,15000
388,15000
389,15000
390,15000
391,15000
392,15000
393,15000
394,15000
395,14995
396,14986
397,14976
398,14967
399,14957
400,14948
401,14939
402,14929
403,14920
404,14911
405,14901
406,14892
407,14882
408,14873
409,14864
410,14854
411,14845
412,14836
413,14826
414,14817
415,14807
416,14798
417,14789
418,14779
419,14770
420,14761
421,14751
422,14742
423,14732
424,14723
425,14714
426,14704
427,14695
428,14686
429,14676
430,14667
431,14657
432,14648
433,14639
434,14629
435,14620
436,14611
437,14601
438,14592
439,14582
440,14573
441,14564
442,14554
443,14545
444,14535
445,14526
446,14517
447,14507
448,14498
449,14489
450,14479
451,14470
452,14460
453,14451
454,14442
455,14432
456,14423
457,14414
458,14404
459,14395
460,14385
461,14376
462,14367
463,14357
464,14348
465,14339
466,14329
467,14320
468,14310
469,14301
470,14292
471,14282
472,14273
473,14264
474,14254
475,14245
476,14235
477,14226
478,14217
479,14207
480,14198
481,14189
482,14179
483,14170
484,14160
485,14151
486,14142
487,14132
488,14123
489,14114
490,14104
491,14095
492,14085
493,14076
494,14067
495,14057
496,14048
497,14039
498,14029
499,14020
500,14010
501,14001
502,13992
503,13982
504,13973
505,13964
506,13954
507,13945
508,13935
509,13926
510,13917
511,13907
512,13898
513,13889
514,13879
515,13870
516,13860
517,13851
518,13842
519,13832
520,13823
521,13813
522,13804
523,13795
524,13785
525,13776
526,13767
527,13757
528,13748
529,13738
530,13729
531,13720
532,13710
533,13701
534,13692
535,13682
536,13673
537,13663
538,13654
539,13645
540,13635
541,13626
542,13617
543,13607
544,13598
545,13588
546,13579
547,13570
548,13560
549,13551
550,13542
551,13532
552,13523
553,13513
554,13504
555,13495
556,13485
557,13476
558,13467
559,13457
560,13448
561,13438
562,13429
563,13420
564,13410
565,13401
566,13392
567,13382
568,13373
569,13363
570,13354
571,13345
572,13335
573,13326
574,13317
575,13307
576,13298
577,13288
578,13279
579,13270
580,13260
581,13251
582,13242
583,13232
584,13223
585,13213
586,13204
587,13195
588,13185
589,13176
590,13167
591,13157
592,13148
593,13138
594,13129
595,13120
596,13110
597,13101
598,13091
599,13082
600,13073
601,13063
602,13054
603,13045
604,13035
605,13026
606,13016
607,13007
608,12998
609,12988
610,12979
611,12970
612,12960
613,12951
614,12941
615,12932
616,12923
617,12913
618,12904
619,12895
620,12885
621,12876
622,12866
623,12857
624,12848
625,12838
626,12829
627,12820
628,12810
629,12801
630,12791
631,12782
632,12773
633,12763
634,12754
635,12745
636,12735
637,12726
638,12716
639,12707
640,12698
641,12688
642,12679
643,12670
644,12660
645,12651
646,12641
647,12632
648,12623
649,12613
650,12604
651,12595
652,12585
653,12576
654,12566
655,12557
656,12548
657,12538
658,12529
659,12520
660,12510
661,12501
662,12491
663,12482
664,12473
665,12463
666,12454
667,12445
668,12435
669,12426
670,12416
671,12407
672,12398
673,12388
674,12379
675,12369
676,12360
677,12351
678,12341
679,12332
680,12323
681,12313
682,12304
683,12294
684,12285
685,12276
686,12266
687,12257
688,12248
689,12238
690,12229
691,12219
692,12210
693,12201
694,12191
695,12182
696,12173
697,12163
698,12154
699,12144
700,12135
701,12126
702,12116
703,12107
704,12098
705,12088
706,12079
707,12069
708,12060
709,12051
710,12041
711,12032
712,12023
713,12013
714,12004
715,11994
716,11985
717,11976
718,11966
719,11957
720,11948
721,11938
722,11929
723,11919
724,11910
725,11901
726,11891
727,11882
728,11873
729,11863
730,11854
731,11844
732,11835
733,11826
734,11816
735,11807
736,11798
737,11788
738,11779
739,11769
740,11760
741,11751
742,11741
743,11732
744,11723
745,11713
746,11704
747,11694
748,11685
749,11676
750,11666
751,11657
752,11648
753,11638
754,11629
755,11619
756,11610
757,11601
758,11591
759,11582
760,11572
761,11563
762,11554
763,11544
764,11535
765,11526
766,11516
767,11507
768,11497
769,11488
770,11479
771,11469
772,11460
773,11451
774,11441
775,11432
776,11422
777,11413
778,11404
779,11394
780,11385
781,11376
782,11366
783,11357
784,11347
785,11338
786,11329
787,11319
788,11310
789,11301
790,11291
791,11282
792,11272
793,11263
794,11254
795,11244
796,11235
797,11226
798,11216
799,11207
800,11197
801,11188
802,11179
803,11169
804,11160
805,11151
806,11141
807,11132
808,11122
809,11113
810,11104
811,11094
812,11085
813,11076
814,11066
815,11057
816,11047
817,11038
818,11029
819,11019
820,11010
821,11001
822,10991
823,10982
824,10972
825,10963
826,10954
827,10944
828,10935
829,10926
830,10916
831,10907
832,10897
833,10888
834,10879
835,10869
836,10860
837,10850
838,10841
839,10832
840,10822
841,10813
842,10804
843,10794
844,10785
845,10775
846,10766
847,10757
848,10747
849,10738
850,10729
851,10719
852,10710
853,10700
854,10691
855,10682
856,10672
857,10663
858,10654
859,10644
860,10635
861,10625
862,10616
863,10607
864,10597
865,10588
866,10579
867,10569
868,10560
869,10550
870,10541
871,10532
872,10522
873,10513
874,10504
875,10494
876,10485
877,10475
878,10466
879,10457
880,10447
881,10438
882,10429
883,10419
884,10410
885,10400
886,10391
887,10382
888,10372
889,10363
890,10354
891,10344
892,10335
893,10325
894,10316
895,10307
896,10297
897,10288
898,10279
899,10269
900,10260
901,10250
902,10241
903,10232
904,10222
905,10213
906,10204
907,10194
908,10185
909,10175
910,10166
911,10157
912,10147
913,10138
914,10128
915,10119
916,10110
917,10100
918,10091
919,10082
920,10072
921,10063
922,10053
923,10044
924,10035
925,10025
926,10016
927,10007
928,9997
929,9988
930,9978
931,9969
932,9960
933,9950
934,9941
935,9932
936,9922
937,9913
938,9903
939,9894
940,9885
941,9875
942,9866
943,9857
944,9847
945,9838
946,9828
947,9819
948,9810
949,9800
950,9791
951,9782
952,9772
953,9763
954,9753
955,9744
956,9735
957,9725
958,9716
959,9707
960,9697
961,9688
962,9678
963,9669
964,9660
965,9650
966,9641
967,9632
968,9622
969,9613
970,9603
971,9594
972,9585
973,9575
974,9566
975,9557
976,9547
977,9538
978,9528
979,9519
980,9510
981,9500
982,9491
983,9482
984,9472
985,9463
986,9453
987,9444
988,9435
989,9425
990,9416
991,9406
992,9397
993,9388
994,9378
995,9369
996,9360
997,9350
998,9341
999,9331
1000,9322
1001,9313
1002,9303
1003,9294
1004,9285
1005,9275
1006,9266
1007,9256
1008,9247
1009,9238
1010,9228
1011,9219
1012,9210
1013,9200
1014,9191
1015,9181
1016,9172
1017,9163
1018,9153
1019,9144
1020,9135
1021,9125
1022,9116
1023,9106
1024,9097
1025,9088
1026,9078
1027,9069
1028,9060
1029,9050
1030,9041
1031,9031
1032,9022
1033,9013
1034,9003
1035,8994
1036,8985
1037,8975
1038,8966
1039,8956
1040,8947
1041,8938
1042,8928
1043,8919
1044,8910
1045,8900
1046,8891
1047,8881
1048,8872
1049,8863
1050,8853
1051,8844
1052,8835
1053,8825
1054,8816
1055,8806
1056,8797
1057,8788
1058,8778
1059,8769
1060,8760
1061,8750
1062,8741
1063,8731
1064,8722
1065,8713
1066,8703
1067,8694
1068,8685
1069,8675
1070,8666
1071,8656
1072,8647
1073,8638
1074,8628
1075,8619
1076,8609
1077,8600
1078,8591
1079,8581
1080,8572
1081,8563
1082,8553
1083,8544
1084,8534
1085,8525
1086,8516
1087,8506
1088,8497
1089,8488
1090,8478
1091,8469
1092,8459
1093,8450
1094,8441
1095,8431
1096,8422
1097,8413
1098,8403
1099,8394
1100,8384
1101,8375
1102,8366
1103,8356
1104,8347
1105,8338
1106,8328
1107,8319
1108,8309
1109,8300
1110,8291
1111,8281
1112,8272
1113,8263
1114,8253
1115,8244
1116,8234
1117,8225
1118,8216
1119,8206
1120,8197
1121,8188
1122,8178
1123,8169
1124,8159
1125,8150
1126,8141
1127,8131
1128,8122
1129,8113
1130,8103
1131,8094
1132,8084
1133,8075
1134,8066
1135,8056
1136,8047
1137,8038
1138,8028
1139,8019
1140,8009
1141,8000
1142,7998
1143,7997
1144,7995
1145,7993
1146,7992
1147,7990
1148,7988
1149,7986
1150,7985
1151,7983
1152,7981
1153,7980
1154,7978
1155,7976
1156,7975
1157,7973
1158,7971
1159,7970
1160,7968
1161,7966
1162,7964
1163,7963
1164,7961
1165,7959
1166,7958
1167,7956
1168,7954
1169,7953
1170,7951
1171,7949
1172,7948
1173,7946
1174,7944
1175,7942
1176,7941
1177,7939
1178,7937
1179,7936
1180,7934
1181,7932
1182,7931
1183,7929
1184,7927
1185,7926
1186,7924
1187,7922
1188,7920
1189,7919
1190,7917
1191,7915
1192,7914
1193,7912
1194,7910
1195,7909
1196,7907
1197,7905
1198,7903
1199,7902
1200,7900
1201,7897
1202,7894
1203,7890
1204,7887
1205,7884
1206,7881
1207,7877
1208,7874
1209,7871
1210,7867
1211,7864
1212,7861
1213,7858
1214,7854
1215,7851
1216,7848
1217,7844
1218,7841
1219,7838
1220,7835
1221,7831
1222,7828
1223,7825
1224,7822
1225,7818
1226,7815
1227,7812
1228,7808
1229,7805
1230,7802
1231,7799
1232,7795
1233,7792
1234,7789
1235,7785
1236,7782
1237,7779
1238,7776
1239,7772
1240,7769
1241,7766
1242,7763
1243,7759
1244,7756
1245,7753
1246,7749
1247,7746
1248,7743
1249,7740
1250,7736
1251,7733
1252,7730
1253,7726
1254,7723
1255,7720
1256,7717
1257,7713
1258,7710
1259,7707
1260,7703
1261,7700
1262,7697
1263,7694
1264,7690
1265,7687
1266,7684
1267,7681
1268,7677
1269,7674
1270,7671
1271,7667
1272,7664
1273,7661
1274,7658
1275,7654
1276,7651
1277,7648
1278,7644
1279,7641
1280,7638
1281,7635
1282,7631
1283,7628
1284,7625
1285,7622
1286,7618
1287,7615
1288,7612
1289,7608
1290,7605
1291,7602
1292,7599
1293,7595
1294,7592
1295,7589
1296,7585
1297,7582
1298,7579
1299,7576
1300,7572
1301,7569
1302,7566
1303,7563
1304,7559
1305,7556
1306,7553
1307,7549
1308,7546
1309,7543
1310,7540
1311,7536
1312,7533
1313,7530
1314,7526
1315,7523
1316,7520
1317,7517
1318,7513
1319,7510
1320,7507
1321,7503
1322,7500
1323,7497
1324,7494
1325,7490
1326,7487
1327,7484
1328,7481
1329,7477
1330,7474
1331,7471
1332,7467
1333,7464
1334,7461
1335,7458
1336,7454
1337,7451
1338,7448
1339,7444
1340,7441
1341,7438
1342,7435
1343,7431
1344,7428
1345,7425
1346,7422
1347,7418
1348,7415
1349,7412
1350,7408
1351,7405
1352,7402
1353,7399
1354,7395
1355,7392
1356,7389
1357,7385
1358,7382
1359,7379
1360,7376
1361,7372
1362,7369
1363,7366
1364,7363
1365,7359
1366,7356
1367,7353
1368,7349
1369,7346
1370,7343
1371,7340
1372,7336
1373,7333
1374,7330
1375,7326
1376,7323
1377,7320
1378,7317
1379,7313
1380,7310
1381,7307
1382,7303
1383,7300
1384,7297
1385,7294
1386,7290
1387,7287
1388,7284
1389,7281
1390,7277
1391,7274
1392,7271
1393,7267
1394,7264
1395,7261
1396,7258
1397,7254
1398,7251
1399,7248
1400,7244
1401,7241
1402,7238
1403,7235
1404,7231
1405,7228
1406,7225
1407,7222
1408,7218
1409,7215
1410,7212
1411,7208
1412,7205
1413,7202
1414,7199
1415,7195
1416,7192
1417,7189
1418,7185
1419,7182
1420,7179
1421,7176
1422,7172
1423,7169
1424,7166
1425,7163
1426,7159
1427,7156
1428,7153
1429,7149
1430,7146
1431,7143
1432,7140
1433,7136
1434,7133
1435,7130
1436,7126
1437,7123
1438,7120
1439,7117
1440,7113
1441,7110
1442,7107
1443,7103
1444,7100
1445,7097
1446,7094
1447,7090
1448,7087
1449,7084
1450,7081
1451,7077
1452,7074
1453,7071
1454,7067
1455,7064
1456,7061
1457,7058
1458,7054
1459,7051
1460,7048
1461,7044
1462,7041
1463,7038
1464,7035
1465,7031
1466,7028
1467,7025
1468,7022
1469,7018
1470,7015
1471,7012
1472,7008
1473,7005
1474,7002
1475,6999
1476,6995
1477,6992
1478,6989
1479,6985
1480,6982
1481,6979
1482,6976
1483,6972
1484,6969
1485,6966
1486,6963
1487,6959
1488,6956
1489,6953
1490,6949
1491,6946
1492,6943
1493,6940
1494,6936
1495,6933
1496,6930
1497,6926
1498,6923
1499,6920
1500,6917
1501,6913
1502,6910
1503,6907
1504,6903
1505,6900
1506,6897
1507,6894
1508,6890
1509,6887
1510,6884
1511,6881
1512,6877
1513,6874
1514,6871
1515,6867
1516,6864
1517,6861
1518,6858
1519,6854
1520,6851
1521,6848
1522,6844
1523,6841
1524,6838
1525,6835
1526,6831
1527,6828
1528,6825
1529,6822
1530,6818
1531,6815
1532,6812
1533,6808
1534,6805
1535,6802
1536,6799
1537,6795
1538,6792
1539,6789
1540,6785
1541,6782
1542,6779
1543,6776
1544,6772
1545,6769
1546,6766
1547,6762
1548,6759
1549,6756
1550,6753
1551,6749
1552,6746
1553,6743
1554,6740
1555,6736
1556,6733
1557,6730
1558,6726
1559,6723
1560,6720
1561,6717
1562,6713
1563,6710
1564,6707
1565,6703
1566,6700
1567,6697
1568,6694
1569,6690
1570,6687
1571,6684
1572,6681
1573,6677
1574,6674
1575,6671
1576,6667
1577,6664
1578,6661
1579,6658
1580,6654
1581,6651
1582,6648
1583,6644
1584,6641
1585,6638
1586,6635
1587,6631
1588,6628
1589,6625
1590,6622
1591,6618
1592,6615
1593,6612
1594,6608
1595,6605
1596,6602
1597,6599
1598,6595
1599,6592
1600,6589
1601,6585
1602,6582
1603,6579
1604,6576
1605,6572
1606,6569
1607,6566
1608,6562
1609,6559
1610,6556
1611,6553
1612,6549
1613,6546
1614,6543
1615,6540
1616,6536
1617,6533
1618,6530
1619,6526
1620,6523
1621,6520
1622,6517
1623,6513
1624,6510
1625,6507
1626,6503
1627,6500
1628,6497
1629,6494
1630,6490
1631,6487
1632,6484
1633,6481
1634,6477
1635,6474
1636,6471
1637,6467
1638,6464
1639,6461
1640,6458
1641,6454
1642,6451
1643,6448
1644,6444
1645,6441
1646,6438
1647,6435
1648,6431
1649,6428
1650,6425
1651,6422
1652,6418
1653,6415
1654,6412
1655,6408
1656,6405
1657,6402
1658,6399
1659,6395
1660,6392
1661,6389
1662,6385
1663,6382
1664,6379
1665,6376
1666,6372
1667,6369
1668,6366
1669,6362
1670,6359
1671,6356
1672,6353
1673,6349
1674,6346
1675,6343
1676,6340
1677,6336
1678,6333
1679,6330
1680,6326
1681,6323
1682,6320
1683,6317
1684,6313
1685,6310
1686,6307
1687,6303
1688,6300
1689,6297
1690,6294
1691,6290
1692,6287
1693,6284
1694,6281
1695,6277
1696,6274
1697,6271
1698,6267
1699,6264
1700,6261
1701,6258
1702,6254
1703,6251
1704,6248
1705,6244
1706,6241
1707,6238
1708,6235
1709,6231
1710,6228
1711,6225
1712,6222
1713,6218
1714,6215
1715,6212
1716,6208
1717,6205
1718,6202
1719,6199
1720,6195
1721,6192
1722,6189
1723,6185
1724,6182
1725,6179
1726,6176
1727,6172
1728,6169
1729,6166
1730,6162
1731,6159
1732,6156
1733,6153
1734,6149
1735,6146
1736,6143
1737,6140
1738,6136
1739,6133
1740,6130
1741,6126
1742,6123
1743,6120
1744,6117
1745,6113
1746,6110
1747,6107
1748,6103
1749,6100
1750,6097
1751,6094
1752,6090
1753,6087
1754,6084
1755,6081
1756,6077
1757,6074
1758,6071
1759,6067
1760,6064
1761,6061
1762,6058
1763,6054
1764,6051
1765,6048
1766,6044
1767,6041
1768,6038
1769,6035
1770,6031
1771,6028
1772,6025
1773,6022
1774,6018
1775,6015
1776,6012
1777,6008
1778,6005
1779,6002
1780,5999
1781,5995
1782,5992
1783,5989
1784,5985
1785,5982
1786,5979
1787,5976
1788,5972
1789,5969
1790,5966
1791,5962
1792,5959
1793,5956
1794,5953
1795,5949
1796,5946
1797,5943
1798,5940
1799,5936
1800,5933
1801,5930
1802,5926
1803,5923
1804,5920
1805,5917
1806,5913
1807,5910
1808,5907
1809,5903
1810,5900
1811,5897
1812,5894
1813,5890
1814,5887
1815,5884
1816,5881
1817,5877
1818,5874
1819,5871
1820,5867
1821,5864
1822,5861
1823,5858
1824,5854
1825,5851
1826,5848
1827,5844
1828,5841
1829,5838
1830,5835
1831,5831
1832,5828
1833,5825
1834,5822
1835,5818
1836,5815
1837,5812
1838,5808
1839,5805
1840,5802
1841,5799
1842,5795
1843,5792
1844,5789
1845,5785
1846,5782
1847,5779
1848,5776
1849,5772
1850,5769
1851,5766
1852,5762
1853,5759
1854,5756
1855,5753
1856,5749
1857,5746
1858,5743
1859,5740
1860,5736
1861,5733
1862,5730
1863,5726
1864,5723
1865,5720
1866,5717
1867,5713
1868,5710
1869,5707
1870,5703
1871,5700
1872,5697
1873,5694
1874,5690
1875,5687
1876,5684
1877,5681
1878,5677
1879,5674
1880,5671
1881,5667
1882,5664
1883,5661
1884,5658
1885,5654
1886,5651
1887,5648
1888,5644
1889,5641
1890,5638
1891,5635
1892,5631
1893,5628
1894,5625
1895,5622
1896,5618
1897,5615
1898,5612
1899,5608
1900,5605
1901,5602
1902,5599
1903,5595
1904,5592
1905,5589
1906,5585
1907,5582
1908,5579
1909,5576
1910,5572
1911,5569
1912,5566
1913,5562
1914,5559
1915,5556
1916,5553
1917,5549
1918,5546
1919,5543
1920,5540
1921,5536
1922,5533
1923,5530
1924,5526
1925,5523
1926,5520
1927,5517
1928,5513
1929,5510
1930,5507
1931,5503
1932,5500
1933,5497
1934,5494
1935,5490
1936,5487
1937,5484
1938,5481
1939,5477
1940,5474
1941,5471
1942,5467
1943,5464
1944,5461
1945,5458
1946,5454
1947,5451
1948,5448
1949,5444
1950,5441
1951,5438
1952,5435
1953,5431
1954,5428
1955,5425
1956,5422
1957,5418
1958,5415
1959,5412
1960,5408
1961,5405
1962,5402
1963,5399
1964,5395
1965,5392
1966,5389
1967,5385
1968,5382
1969,5379
1970,5376
1971,5372
1972,5369
1973,5366
1974,5362
1975,5359
1976,5356
1977,5353
1978,5349
1979,5346
1980,5343
1981,5340
1982,5336
1983,5333
1984,5330
1985,5326
1986,5323
1987,5320
1988,5317
1989,5313
1990,5310
1991,5307
1992,5303
1993,5300
1994,5297
1995,5294
1996,5290
1997,5287
1998,5284
1999,5281
2000,5277
2001,5274
2002,5271
2003,5267
2004,5264
2005,5261
2006,5258
2007,5254
2008,5251
2009,5248
2010,5244
2011,5241
2012,5238
2013,5235
2014,5231
2015,5228
2016,5225
2017,5221
2018,5218
2019,5215
2020,5212
2021,5208
2022,5205
2023,5202
2024,5199
2025,5195
2026,5192
2027,5189
2028,5185
2029,5182
2030,5179
2031,5176
2032,5172
2033,5169
2034,5166
2035,5162
2036,5159
2037,5156
2038,5153
2039,5149
2040,5146
2041,5143
2042,5140
2043,5136
2044,5133
2045,5130
2046,5126
2047,5123
2048,5120
2049,5117
2050,5113
2051,5110
2052,5107
2053,5103
2054,5100
2055,5097
2056,5094
2057,5090
2058,5087
2059,5084
2060,5081
2061,5077
2062,5074
2063,5071
2064,5067
2065,5064
2066,5061
2067,5058
2068,5054
2069,5051
2070,5048
2071,5044
2072,5041
2073,5038
2074,5035
2075,5031
2076,5028
2077,5025
2078,5021
2079,5018
2080,5015
2081,5012
2082,5008
2083,5005
2084,5002
2085,4999
2086,4995
2087,4992
2088,4989
2089,4985
2090,4982
2091,4979
2092,4976
2093,4972
2094,4969
2095,4966
2096,4962
2097,4959
2098,4956
2099,4953
2100,4949
2101,4946
2102,4943
2103,4940
2104,4936
2105,4933
2106,4930
2107,4926
2108,4923
2109,4920
2110,4917
2111,4913
2112,4910
2113,4907
2114,4903
2115,4900
2116,4897
2117,4894
2118,4890
2119,4887
2120,4884
2121,4881
2122,4877
2123,4874
2124,4871
2125,4867
2126,4864
2127,4861
2128,4858
2129,4854
2130,4851
2131,4848
2132,4844
2133,4841
2134,4838
2135,4835
2136,4831
2137,4828
2138,4825
2139,4821
2140,4818
2141,4815
2142,4812
2143,4808
2144,4805
2145,4802
2146,4799
2147,4795
2148,4792
2149,4789
2150,4785
2151,4782
2152,4779
2153,4776
2154,4772
2155,4769
2156,4766
2157,4762
2158,4759
2159,4756
2160,4753
2161,4749
2162,4746
2163,4743
2164,4740
2165,4736
2166,4733
2167,4730
2168,4726
2169,4723
2170,4720
2171,4717
2172,4713
2173,4710
2174,4707
2175,4703
2176,4700
2177,4697
2178,4694
2179,4690
2180,4687
2181,4684
2182,4681
2183,4677
2184,4674
2185,4671
2186,4667
2187,4664
2188,4661
2189,4658
2190,4654
2191,4651
2192,4648
2193,4644
2194,4641
2195,4638
2196,4635
2197,4631
2198,4628
2199,4625
2200,4621
2201,4618
2202,4615
2203,4612
2204,4608
2205,4605
2206,4602
2207,4599
2208,4595
2209,4592
2210,4589
2211,4585
2212,4582
2213,4579
2214,4576
2215,4572
2216,4569
2217,4566
2218,4562
2219,4559
2220,4556
2221,4553
2222,4549
2223,4546
2224,4543
2225,4540
2226,4536
2227,4533
2228,4530
2229,4526
2230,4523
2231,4520
2232,4517
2233,4513
2234,4510
2235,4507
2236,4503
2237,4500
2238,4497
2239,4494
2240,4490
2241,4487
2242,4484
2243,4481
2244,4477
2245,4474
2246,4471
2247,4467
2248,4464
2249,4461
2250,4458
2251,4454
2252,4451
2253,4448
2254,4444
2255,4441
2256,4438
2257,4435
2258,4431
2259,4428
2260,4425
2261,4421
2262,4418
2263,4415
2264,4412
2265,4408
2266,4405
2267,4402
2268,4399
2269,4395
2270,4392
2271,4389
2272,4385
2273,4382
2274,4379
2275,4376
2276,4372
2277,4369
2278,4366
2279,4362
2280,4359
2281,4356
2282,4353
2283,4349
2284,4346
2285,4343
2286,4340
2287,4336
2288,4333
2289,4330
2290,4326
2291,4323
2292,4320
2293,4317
2294,4313
2295,4310
2296,4307
2297,4303
2298,4300
2299,4297
2300,4294
2301,4290
2302,4287
2303,4284
2304,4281
2305,4277
2306,4274
2307,4271
2308,4267
2309,4264
2310,4261
2311,4258
2312,4254
2313,4251
2314,4248
2315,4244
2316,4241
2317,4238
2318,4235
2319,4231
2320,4228
2321,4225
2322,4221
2323,4218
2324,4215
2325,4212
2326,4208
2327,4205
2328,4202
2329,4199
2330,4195
2331,4192
2332,4189
2333,4185
2334,4182
2335,4179
2336,4176
2337,4172
2338,4169
2339,4166
2340,4162
2341,4159
2342,4156
2343,4153
2344,4149
2345,4146
2346,4143
2347,4140
2348,4136
2349,4133
2350,4130
2351,4126
2352,4123
2353,4120
2354,4117
2355,4113
2356,4110
2357,4107
2358,4103
2359,4100
2360,4097
2361,4094
2362,4090
2363,4087
2364,4084
2365,4081
2366,4077
2367,4074
2368,4071
2369,4067
2370,4064
2371,4061
2372,4058
2373,4054
2374,4051
2375,4048
2376,4044
2377,4041
2378,4038
2379,4035
2380,4031
2381,4028
2382,4025
2383,4021
2384,4018
2385,4015
2386,4012
2387,4008
2388,4005
2389,4002
2390,3999
2391,3995
2392,3992
2393,3989
2394,3985
2395,3982
2396,3979
2397,3976
2398,3972
2399,3969
2400,3966
2401,3962
2402,3959
2403,3956
2404,3953
2405,3949
2406,3946
2407,3943
2408,3940
2409,3936
2410,3933
2411,3930
2412,3926
2413,3923
2414,3920
2415,3917
2416,3913
2417,3910
2418,3907
2419,3903
2420,3900
2421,3897
2422,3894
2423,3890
2424,3887
2425,3884
2426,3881
2427,3877
2428,3874
2429,3871
2430,3867
2431,3864
2432,3861
2433,3858
2434,3854
2435,3851
2436,3848
2437,3844
2438,3841
2439,3838
2440,3835
2441,3831
2442,3828
2443,3825
2444,3821
2445,3818
2446,3815
2447,3812
2448,3808
2449,3805
2450,3802
2451,3799
2452,3795
2453,3792
2454,3789
2455,3785
2456,3782
2457,3779
2458,3776
2459,3772
2460,3769
2461,3766
2462,3762
2463,3759
2464,3756
2465,3753
2466,3749
2467,3746
2468,3743
2469,3740
2470,3736
2471,3733
2472,3730
2473,3726
2474,3723
2475,3720
2476,3717
2477,3713
2478,3710
2479,3707
2480,3703
2481,3700
2482,3697
2483,3694
2484,3690
2485,3687
2486,3684
2487,3680
2488,3677
2489,3674
2490,3671
2491,3667
2492,3664
2493,3661
2494,3658
2495,3654
2496,3651
2497,3648
2498,3644
2499,3641
2500,3638
2501,3635
2502,3631
2503,3628
2504,3625
2505,3621
2506,3618
2507,3615
2508,3612
2509,3608
2510,3605
2511,3602
2512,3599
2513,3595
2514,3592
2515,3589
2516,3585
2517,3582
2518,3579
2519,3576
2520,3572
2521,3569
2522,3566
2523,3562
2524,3559
2525,3556
2526,3553
2527,3549
2528,3546
2529,3543
2530,3540
2531,3536
2532,3533
2533,3530
2534,3526
2535,3523
2536,3520
2537,3517
2538,3513
2539,3510
2540,3507
2541,3503
2542,3500
2543,3497
2544,3494
2545,3490
2546,3487
2547,3484
2548,3480
2549,3477
2550,3474
2551,3471
2552,3467
2553,3464
2554,3461
2555,3458
2556,3454
2557,3451
2558,3448
2559,3444
2560,3441
2561,3438
2562,3435
2563,3431
2564,3428
2565,3425
2566,3421
2567,3418
2568,3415
2569,3412
2570,3408
2571,3405
2572,3402
2573,3399
2574,3395
2575,3392
2576,3389
2577,3385
2578,3382
2579,3379
2580,3376
2581,3372
2582,3369
2583,3366
2584,3362
2585,3359
2586,3356
2587,3353
2588,3349
2589,3346
2590,3343
2591,3340
2592,3336
2593,3333
2594,3330
2595,3326
2596,3323
2597,3320
2598,3317
2599,3313
2600,3310
2601,3307
2602,3303
2603,3300
2604,3297
2605,3294
2606,3290
2607,3287
2608,3284
2609,3280
2610,3277
2611,3274
2612,3271
2613,3267
2614,3264
2615,3261
2616,3258
2617,3254
2618,3251
2619,3248
2620,3244
2621,3241
2622,3238
2623,3235
2624,3231
2625,3228
2626,3225
2627,3221
2628,3218
2629,3215
2630,3212
2631,3208
2632,3205
2633,3202
2634,3199
2635,3195
2636,3192
2637,3189
2638,3185
2639,3182
2640,3179
2641,3176
2642,3172
2643,3169
2644,3166
2645,3162
2646,3159
2647,3156
2648,3153
2649,3149
2650,3146
2651,3143
2652,3140
2653,3136
2654,3133
2655,3130
2656,3126
2657,3123
2658,3120
2659,3117
2660,3113
2661,3110
2662,3107
2663,3103
2664,3100
2665,3097
2666,3094
2667,3090
2668,3087
2669,3084
2670,3080
2671,3077
2672,3074
2673,3071
2674,3067
2675,3064
2676,3061
2677,3058
2678,3054
2679,3051
2680,3048
2681,3044
2682,3041
2683,3038
2684,3035
2685,3031
2686,3028
2687,3025
2688,3021
2689,3018
2690,3015
2691,3012
2692,3008
2693,3005
2694,3002
2695,2999
2696,2995
2697,2992
2698,2989
2699,2985
2700,2982
2701,2979
2702,2976
2703,2972
2704,2969
2705,2966
2706,2962
2707,2959
2708,2956
2709,2953
2710,2949
2711,2946
2712,2943
2713,2940
2714,2936
2715,2933
2716,2930
2717,2926
2718,2923
2719,2920
2720,2917
2721,2913
2722,2910
2723,2907
2724,2903
2725,2900
2726,2897
2727,2894
2728,2890
2729,2887
2730,2884
2731,2880
2732,2877
2733,2874
2734,2871
2735,2867
2736,2864
2737,2861
2738,2858
2739,2854
2740,2851
2741,2848
2742,2844
2743,2841
2744,2838
2745,2835
2746,2831
2747,2828
2748,2825
2749,2821
2750,2818
2751,2815
2752,2812
2753,2808
2754,2805
2755,2802
2756,2799
2757,2795
2758,2792
2759,2789
2760,2785
2761,2782
2762,2779
2763,2776
2764,2772
2765,2769
2766,2766
2767,2762
2768,2759
2769,2756
2770,2753
2771,2749
2772,2746
2773,2743
2774,2740
2775,2736
2776,2733
2777,2730
2778,2726
2779,2723
2780,2720
2781,2717
2782,2713
2783,2710
2784,2707
2785,2703
2786,2700
2787,2697
2788,2694
2789,2690
2790,2687
2791,2684
2792,2680
2793,2677
2794,2674
2795,2671
2796,2667
2797,2664
2798,2661
2799,2658
2800,2654
2801,2651
2802,2648
2803,2644
2804,2641
2805,2638
2806,2635
2807,2631
2808,2628
2809,2625
2810,2621
2811,2618
2812,2615
2813,2612
2814,2608
2815,2605
2816,2602
2817,2599
2818,2595
2819,2592
2820,2589
2821,2585
2822,2582
2823,2579
2824,2576
2825,2572
2826,2569
2827,2566
2828,2562
2829,2559
2830,2556
2831,2553
2832,2549
2833,2546
2834,2543
2835,2540
2836,2536
2837,2533
2838,2530
2839,2526
2840,2523
2841,2520
2842,2517
2843,2513
2844,2510
2845,2507
2846,2503
2847,2500
2848,2497
2849,2494
2850,2490
2851,2487
2852,2484
2853,2480
2854,2477
2855,2474
2856,2471
2857,2467
2858,2464
2859,2461
2860,2458
2861,2454
2862,2451
2863,2448
2864,2444
2865,2441
2866,2438
2867,2435
2868,2431
2869,2428
2870,2425
2871,2421
2872,2418
2873,2415
2874,2412
2875,2408
2876,2405
2877,2402
2878,2399
2879,2395
2880,2392
2881,2389
2882,2385
2883,2382
2884,2379
2885,2376
2886,2372
2887,2369
2888,2366
2889,2362
2890,2359
2891,2356
2892,2353
2893,2349
2894,2346
2895,2343
2896,2340
2897,2336
2898,2333
2899,2330
2900,2326
2901,2323
2902,2320
2903,2317
2904,2313
2905,2310
2906,2307
2907,2303
2908,2300
2909,2297
2910,2294
2911,2290
2912,2287
2913,2284
2914,2280
2915,2277
2916,2274
2917,2271
2918,2267
2919,2264
2920,2261
2921,2258
2922,2254
2923,2251
2924,2248
2925,2244
2926,2241
2927,2238
2928,2235
2929,2231
2930,2228
2931,2225
2932,2221
2933,2218
2934,2215
2935,2212
2936,2208
2937,2205
2938,2202
2939,2199
2940,2195
2941,2192
2942,2189
2943,2185
2944,2182
2945,2179
2946,2176
2947,2172
2948,2169
2949,2166
2950,2162
2951,2159
2952,2156
2953,2153
2954,2149
2955,2146
2956,2143
2957,2139
2958,2136
2959,2133
2960,2130
2961,2126
2962,2123
2963,2120
2964,2117
2965,2113
2966,2110
2967,2107
2968,2103
2969,2100
2970,2097
2971,2094
2972,2090
2973,2087
2974,2084
2975,2080
2976,2077
2977,2074
2978,2071
2979,2067
2980,2064
2981,2061
2982,2058
2983,2054
2984,2051
2985,2048
2986,2044
2987,2041
2988,2038
2989,2035
2990,2031
2991,2028
2992,2025
2993,2021
2994,2018
2995,2015
2996,2012
2997,2008
2998,2005
2999,2002
3000,1999
3001,1995
3002,1992
3003,1989
3004,1985
3005,1982
3006,1979
3007,1976
3008,1972
3009,1969
3010,1966
3011,1962
3012,1959
3013,1956
3014,1953
3015,1949
3016,1946
3017,1943
3018,1939
3019,1936
3020,1933
3021,1930
3022,1926
3023,1923
3024,1920
3025,1917
3026,1913
3027,1910
3028,1907
3029,1903
3030,1900
3031,1897
3032,1894
3033,1890
3034,1887
3035,1884
3036,1880
3037,1877
3038,1874
3039,1871
3040,1867
3041,1864
3042,1861
3043,1858
3044,1854
3045,1851
3046,1848
3047,1844
3048,1841
3049,1838
3050,1835
3051,1831
3052,1828
3053,1825
3054,1821
3055,1818
3056,1815
3057,1812
3058,1808
3059,1805
3060,1802
3061,1799
3062,1795
3063,1792
3064,1789
3065,1785
3066,1782
3067,1779
3068,1776
3069,1772
3070,1769
3071,1766
3072,1762
3073,1759
3074,1756
3075,1753
3076,1749
3077,1746
3078,1743
3079,1739
3080,1736
3081,1733
3082,1730
3083,1726
3084,1723
3085,1720
3086,1717
3087,1713
3088,1710
3089,1707
3090,1703
3091,1700
3092,1697
3093,1694
3094,1690
3095,1687
3096,1684
3097,1680
3098,1677
3099,1674
3100,1671
3101,1667
3102,1664
3103,1661
3104,1658
3105,1654
3106,1651
3107,1648
3108,1644
3109,1641
3110,1638
3111,1635
3112,1631
3113,1628
3114,1625
3115,1621
3116,1618
3117,1615
3118,1612
3119,1608
3120,1605
3121,1602
3122,1599
3123,1595
3124,1592
3125,1589
3126,1585
3127,1582
3128,1579
3129,1576
3130,1572
3131,1569
3132,1566
3133,1562
3134,1559
3135,1556
3136,1553
3137,1549
3138,1546
3139,1543
3140,1539
3141,1536
3142,1533
3143,1530
3144,1526
3145,1523
3146,1520
3147,1517
3148,1513
3149,1510
3150,1507
3151,1503
3152,1500
3153,1497
3154,1494
3155,1490
3156,1487
3157,1484
3158,1480
3159,1477
3160,1474
3161,1471
3162,1467
3163,1464
3164,1461
3165,1458
3166,1454
3167,1451
3168,1448
3169,1444
3170,1441
3171,1438
3172,1435
3173,1431
3174,1428
3175,1425
3176,1421
3177,1418
3178,1415
3179,1412
3180,1408
3181,1405
3182,1402
3183,1399
3184,1395
3185,1392
3186,1389
3187,1385
3188,1382
3189,1379
3190,1376
3191,1372
3192,1369
3193,1366
3194,1362
3195,1359
3196,1356
3197,1353
3198,1349
3199,1346
3200,1343
3201,1339
3202,1336
3203,1333
3204,1330
3205,1326
3206,1323
3207,1320
3208,1317
3209,1313
3210,1310
3211,1307
3212,1303
3213,1300
3214,1297
3215,1294
3216,1290
3217,1287
3218,1284
3219,1280
3220,1277
3221,1274
3222,1271
3223,1267
3224,1264
3225,1261
3226,1258
3227,1254
3228,1251
3229,1248
3230,1244
3231,1241
3232,1238
3233,1235
3234,1231
3235,1228
3236,1225
3237,1221
3238,1218
3239,1215
3240,1212
3241,1208
3242,1205
3243,1202
3244,1199
3245,1195
3246,1192
3247,1189
3248,1185
3249,1182
3250,1179
3251,1176
3252,1172
3253,1169
3254,1166
3255,1162
3256,1159
3257,1156
3258,1153
3259,1149
3260,1146
3261,1143
3262,1139
3263,1136
3264,1133
3265,1130
3266,1126
3267,1123
3268,1120
3269,1117
3270,1113
3271,1110
3272,1107
3273,1103
3274,1100
3275,1097
3276,1094
3277,1090
3278,1087
3279,1084
3280,1080
3281,1077
3282,1074
3283,1071
3284,1067
3285,1064
3286,1061
3287,1058
3288,1054
3289,1051
3290,1048
3291,1044
3292,1041
3293,1038
3294,1035
3295,1031
3296,1028
3297,1025
3298,1021
3299,1018
3300,1015
3301,1012
3302,1008
3303,1005
3304,1002
3305,999
3306,995
3307,992
3308,989
3309,985
3310,982
3311,979
3312,976
3313,972
3314,969
3315,966
3316,962
3317,959
3318,956
3319,953
3320,949
3321,946
3322,943
3323,939
3324,936
3325,933
3326,930
3327,926
3328,923
3329,920
3330,917
3331,913
3332,910
3333,907
3334,903
3335,900
3336,897
3337,894
3338,890
3339,887
3340,884
3341,880
3342,877
3343,874
3344,871
3345,867
3346,864
3347,861
3348,858
3349,854
3350,851
3351,848
3352,844
3353,841
3354,838
3355,835
3356,831
3357,828
3358,825
3359,821
3360,818
3361,815
3362,812
3363,808
3364,805
3365,802
3366,799
3367,795
3368,792
3369,789
3370,785
3371,782
3372,779
3373,776
3374,772
3375,769
3376,766
3377,762
3378,759
3379,756
3380,753
3381,749
3382,746
3383,743
3384,739
3385,736
3386,733
3387,730
3388,726
3389,723
3390,720
3391,717
3392,713
3393,710
3394,707
3395,703
3396,700
3397,697
3398,694
3399,690
3400,687
3401,684
3402,680
3403,677
3404,674
3405,671
3406,667
3407,664
3408,661
3409,658
3410,654
3411,651
3412,648
3413,644
3414,641
3415,638
3416,635
3417,631
3418,628
3419,625
3420,621
3421,618
3422,615
3423,612
3424,608
3425,605
3426,602
3427,598
3428,595
3429,592
3430,589
3431,585
3432,582
3433,579
3434,576
3435,572
3436,569
3437,566
3438,562
3439,559
3440,556
3441,553
3442,549
3443,546
3444,543
3445,539
3446,536
3447,533
3448,530
3449,526
3450,523
3451,520
3452,517
3453,513
3454,510
3455,507
3456,503
3457,500
3458,497
3459,494
3460,490
3461,487
3462,484
3463,480
3464,477
3465,474
3466,471
3467,467
3468,464
3469,461
3470,458
3471,454
3472,451
3473,448
3474,444
3475,441
3476,438
3477,435
3478,431
3479,428
3480,425
3481,421
3482,418
3483,415
3484,412
3485,408
3486,405
3487,402
3488,398
3489,395
3490,392
3491,389
3492,385
3493,382
3494,379
3495,376
3496,372
3497,369
3498,366
3499,362
3500,359
3501,356
3502,353
3503,349
3504,346
3505,343
3506,339
3507,336
3508,333
3509,330
3510,326
3511,323
3512,320
3513,317
3514,313
3515,310
3516,307
3517,303
3518,300
3519,297
3520,294
3521,290
3522,287
3523,284
3524,280
3525,277
3526,274
3527,271
3528,267
3529,264
3530,261
3531,258
3532,254
3533,251
3534,248
3535,244
3536,241
3537,238
3538,235
3539,231
3540,228
3541,225
3542,221
3543,218
3544,215
3545,212
3546,208
3547,205
3548,202
3549,198
3550,195
3551,192
3552,189
3553,185
3554,182
3555,179
3556,176
3557,172
3558,169
3559,166
3560,162
3561,159
3562,156
3563,153
3564,149
3565,146
3566,143
3567,139
3568,136
3569,133
3570,130
3571,126
3572,123
3573,120
3574,117
3575,113
3576,110
3577,107
3578,103
3579,100
3580,97
3581,94
3582,90
3583,87
3584,84
3585,80
3586,77
3587,74
3588,71
3589,67
3590,64
3591,61
3592,58
3593,54
3594,51
3595,48
3596,44
3597,41
3598,38
3599,35
3600,31
3601,28
3602,25
3603,21
3604,18
3605,15
3606,12
3607,8
3608,5
3609,2
3610,0
3611,0
3612,0
3613,0
3614,0
3615,0
3616,0
3617,0
3618,0
3619,0
3620,0
3621,0
3622,0
3623,0
3624,0
3625,0
3626,0
3627,0
3628,0
3629,0
3630,0
3631,0
3632,0
3633,0
3634,0
3635,0
3636,0
3637,0
3638,0
3639,0
3640,0
3641,0
3642,0
3643,0
3644,0
3645,0
3646,0
3647,0
3648,0
3649,0
3650,0
3651,0
3652,0
3653,0
3654,0
3655,0
3656,0
3657,0
3658,0
3659,0
3660,0
3661,0
3662,0
3663,0
3664,0
3665,0
3666,0
3667,0
3668,0
3669,0
3670,0
3671,0
3672,0
3673,0
3674,0
3675,0
3676,0
3677,0
3678,0
3679,0
3680,0
3681,0
3682,0
3683,0
3684,0
3685,0
3686,0
3687,0
3688,0
3689,0
3690,0
3691,0
3692,0
3693,0
3694,0
3695,0
3696,0
3697,0
3698,0
3699,0
3700,0
3701,0
3702,0
3703,0
3704,0
3705,0
3706,0
3707,0
3708,0
3709,0
3710,0
3711,0
3712,0
3713,0
3714,0
3715,0
3716,0
3717,0
3718,0
3719,0
3720,0
3721,0
3722,0
3723,0
3724,0
3725,0
3726,0
3727,0
3728,0
3729,0
3730,0
3731,0
3732,0
3733,0
3734,0
3735,0
3736,0
3737,0
3738,0
3739,0
3740,0
3741,0
3742,0
3743,0
3744,0
3745,0
3746,0
3747,0
3748,0
3749,0
3750,0
3751,0
3752,0
3753,0
3754,0
3755,0
3756,0
3757,0
3758,0
3759,0
3760,0
3761,0
3762,0
3763,0
3764,0
3765,0
3766,0
3767,0
3768,0
3769,0
3770,0
3771,0
3772,0
3773,0
3774,0
3775,0
3776,0
3777,0
3778,0
3779,0
3780,0
3781,0
3782,0
3783,0
3784,0
3785,0
3786,0
3787,0
3788,0
3789,0
3790,0
3791,0
3792,0
3793,0
3794,0
3795,0
3796,0
3797,0
3798,0
3799,0
3800,0
3801,0
3802,0
3803,0
3804,0
3805,0
3806,0
3807,0
3808,0
3809,0
3810,0
3811,0
3812,0
3813,0
3814,0
3815,0
3816,0
3817,0
3818,0
3819,0
3820,0
3821,0
3822,0
3823,0
3824,0
3825,0
3826,0
3827,0
3828,0
3829,0
3830,0
3831,0
3832,0
3833,0
3834,0
3835,0
3836,0
3837,0
3838,0
3839,0
3840,0
3841,0
3842,0
3843,0
3844,0
3845,0
3846,0
3847,0
3848,0
3849,0
3850,0
3851,0
3852,0
3853,0
3854,0
3855,0
3856,0
3857,0
3858,0
3859,0
3860,0
3861,0
3862,0
3863,0
3864,0
3865,0
3866,0
3867,0
3868,0
3869,0
3870,0
3871,0
3872,0
3873,0
3874,0
3875,0
3876,0
3877,0
3878,0
3879,0
3880,0
3881,0
3882,0
3883,0
3884,0
3885,0
3886,0
3887,0
3888,0
3889,0
3890,0
3891,0
3892,0
3893,0
3894,0
3895,0
3896,0
3897,0
3898,0
3899,0
3900,0
3901,0
3902,0
3903,0
3904,0
3905,0
3906,0
3907,0
3908,0
3909,0
3910,0
3911,0
3912,0
3913,0
3914,0
3915,0
3916,0
3917,0
3918,0
3919,0
3920,0
3921,0
3922,0
3923,0
3924,0
3925,0
3926,0
3927,0
3928,0
3929,0
3930,0
3931,0
3932,0
3933,0
3934,0
3935,0
3936,0
3937,0
3938,0
3939,0
3940,0
3941,0
3942,0
3943,0
3944,0
3945,0
3946,0
3947,0
3948,0
3949,0
3950,0
3951,0
3952,0
3953,0
3954,0
3955,0
3956,0
3957,0
3958,0
3959,0
3960,0
3961,0
3962,0
3963,0
3964,0
3965,0
3966,0
3967,0
3968,0
3969,0
3970,0
3971,0
3972,0
3973,0
3974,0
3975,0
3976,0
3977,0
3978,0
3979,0
3980,0
3981,0
3982,0
3983,0
3984,0
3985,0
3986,0
3987,0
3988,0
3989,0
3990,0
3991,0
3992,0
3993,0
3994,0
3995,0
3996,0
3997,0
3998,0
3999,0
4000,0
4001,0
4002,0
4003,0
4004,0
4005,0
4006,0
4007,0
4008,0
4009,0
4010,0
4011,0
4012,0
4013,0
4014,0
4015,0
4016,0
4017,0
4018,0
4019,0
4020,0
4021,0
4022,0
4023,0
4024,0
4025,0
4026,0
4027,0
4028,0
4029,0
4030,0
4031,0
4032,0
4033,0
4034,0
4035,0
4036,0
4037,0
4038,0
4039,0
4040,0
4041,0
4042,0
4043,0
4044,0
4045,0
4046,0
4047,0
4048,0
4049,0
4050,0
4051,0
4052,0
4053,0
4054,0
4055,0
4056,0
4057,0
4058,0
4059,0
4060,0
4061,0
4062,0
4063,0
4064,0
4065,0
4066,0
4067,0
4068,0
4069,0
4070,0
4071,0
4072,0
4073,0
4074,0
4075,0
4076,0
4077,0
4078,0
4079,0
4080,0
4081,0
4082,0
4083,0
4084,0
4085,0
4086,0
4087,0
4088,0
4089,0
4090,0
4091,0
4092,0
4093,0
4094,0
4095,0
